commit,build_after,test_after,build_before,test_before,regressions,fixes,new_passes
56e19e28bd098337f57e5b49f45ae14137fd3e72,Success,Success,Success,Success,0,0,1
77313160bfa6ff8d17d90392aa55a1ee7d0267ad,Success,Success,Success,Success,0,0,0
3068341b1dc99ae9cb3f123fbac43121d7fb4994,Success,Success,Success,Success,0,0,4
ea90bdb1836acd73d3df155f44ad2f6e61e9f6eb,Fail,Skipped,Skipped,Skipped (Only New Tests),0,0,0
56e19e28bd098337f57e5b49f45ae14137fd3e72,Success,Success,Success,Success,0,0,1
77313160bfa6ff8d17d90392aa55a1ee7d0267ad,Success,Success,Success,Success,0,0,0
56e19e28bd098337f57e5b49f45ae14137fd3e72,Fail,Skipped,Skipped,Skipped (Only New Tests),0,0,0
77313160bfa6ff8d17d90392aa55a1ee7d0267ad,Fail,Skipped,Skipped,Skipped (Only New Tests),0,0,0
efeaa7694f63c73755b4044d9305003c77a24098,Success,Success,Skipped,Skipped (Only New Tests),0,0,1
2aa011d594ee87cefbae255310afe75afc6a00e1,Success,Success,Success,Success,0,0,3
3068341b1dc99ae9cb3f123fbac43121d7fb4994,Success,Success,Success,Success,0,0,4
0850345d1390dc696a1afbd11ab7a2a8684eeed5,Success,Skipped (No Targets),Success,Skipped (No Targets),0,0,0
a32611c375b33f5a6409a546b725769c972fdf80,Success,Success,Success,Success,0,0,9
7727dffe093564b0e004967387d374db635c250b,Success,Skipped (No Targets),Success,Skipped (No Targets),0,0,0
c0ce37d129b605da91462bf89231a0109aa417d8,Success,Success,Success,Success,0,0,0
5842b3dd17b93131001933751824c43f7789b4b4,Success,Success,Success,Success,0,0,1
26059b7342eaf8e3a035b6b699ee041c76b9cfc8,Success,Skipped (No Targets),Success,Skipped (No Targets),0,0,0
4a9093d8a5e798500a1460a543b299a612a407f2,Success,Success,Skipped,Skipped (Only New Tests),0,0,6
17661318ce30e279774a0af7a265eb596cb76957,Success,Success,Skipped,Skipped (Only New Tests),0,0,1
09a64e625e8bb9d02a368a910b54b4326e36d058,Success,Skipped (No Targets),Success,Skipped (No Targets),0,0,0
e0dac2e855638823a93f0b7d39cb99fed284138d,Success,Success,Success,Success,0,0,3
3053ed2adb0cd0c9aa9ece31cd958fc151b058fb,Success,Success,Skipped,Skipped (Only New Tests),0,0,1
1e858b134fb4a2089b50f7a339f567f1fd7f9471,Success,Success,Success,Success,0,0,4
5b6bef571ee80b78a5641a89cb890094abcca955,Success,Success,Success,Success,0,0,0
b3940507d1f98f6902ff2d1945c2310e56a4a4f4,Success,Success,Skipped,Skipped (Only New Tests),0,0,4
52a6ae0c2ce371923689e141160a7cfc735ea2af,Success,Success,Success,Success,0,0,1
bb9ee7653662afe60f55e9a9b623f272fd310d58,Success,Success,Skipped,Skipped (Only New Tests),0,0,6
1f4e7b320948c86bda0f44a24fa0307f77cb84eb,Success,Success,Skipped,Skipped (Only New Tests),0,0,4
0ab35853565b6c1d85b4976bb6ac2989c362dec2,Success,Success,Skipped,Skipped (Only New Tests),0,0,4
41b311170ee892d8c9121399df72ee24e8e42f26,Success,Success,Success,Success,0,0,1
ddd0ffa8a14d27839a2497d6595c46c84cf70099,Success,Success,Success,Success,0,0,9
dc3aaf1dc10d0c22ae867f118a51209555908055,Success,Success,Success,Success,0,0,8
4eabb4c5afcedf30fc1b39770512dc3d5c43a255,Success,Success,Skipped,Skipped (Only New Tests),0,0,7
054308ba17a331c5ec8c2c47ed7cc38d9e4af611,Success,Success,Success,Success,0,0,10
d4d5b1cc4f53ec4f57e8e5cccc243b41b9223efe,Success,Success,Success,Success,0,0,10
edfdd079abc5696da9179168c09f318c007e8fac,Success,Success,Skipped,Skipped (Only New Tests),0,0,6
4c63481b732ff90d2249e0004f70b325b5210f93,Success,Success,Skipped,Skipped (Only New Tests),0,0,32
ae92ed1a24a20bfaad5162caaf55a59ad36bef6d,Success,Skipped (No Targets),Success,Skipped (No Targets),0,0,0
da55d6c2709ecb448d1bf9b53f53bdbd2f2a40fc,Success,Success,Success,Success,0,0,1
f281ba9287ac634c4813a01e3512e720ca65f4ad,Success,Success,Success,Success,0,0,9
2ae5911b27a29bc1cb5bcfac188b46fd64441240,Success,Success,Success,Success,0,0,2
10531dfe23d925fffedcf84f468f0c0045c9303f,Success,Success,Skipped,Skipped (Only New Tests),0,0,9
0e78cbc3dc3a7fabdc788f2cb5ca6d476c6518a9,Success,Success,Success,Success,0,0,6
7954d9119d30dde4a7215f1ed8d5cf0f1b16eea0,Success,Success,Skipped,Skipped (Only New Tests),0,0,15
ddb9413699f3c5d8c36fd7f4830c1942cfb6619b,Success,Success,Success,Success,0,0,45
494cae96ab04e34ef6399c17514477ec397e0ecb,Success,Success,Success,Success,0,0,5
afd8d8411b2a28db8ff8ff3640fe677b1cf073f2,Success,Success,Skipped,Skipped (Only New Tests),0,0,5
d08c26bca87e89a3a085a8a6f41cd720506ff9b6,Success,Success,Skipped,Skipped (Only New Tests),0,0,4
516688a36b213a4b4ca27b61941982d6f4c10bb3,Success,Success,Success,Success,0,0,1
4bd6449dffd32ec15c48da35874de05698f2ca0e,Success,Success,Success,Success,0,0,7
9b5926043e1ef7d158753c7b46f52a1dffe9ca80,Success,Success,Success,Success,0,0,7
c1b98422d7254302fcd94a8167832cfc20053c93,Success,Success,Success,Success,0,0,1
52318d4bebc50a771fd59a3d8c0fee163c64d21f,Success,Success,Skipped,Skipped (Only New Tests),0,0,1
b9940e02ee32122ea8b24c8e60857a1e3cc53936,Success,Success,Skipped,Skipped (Only New Tests),0,0,1
3f5251e13fc1a52a65504460315987d45aed7ab1,Success,Success,Success,Success,0,0,1
f9a1561c8827db7b8f396535ef6f7529e74195d9,Success,Success,Success,Success,0,0,7
2bfbb4282dcc3b86e125fed583504bfdce22dd06,Success,Success,Success,Success,0,0,1
e9072e9bc418c36f03fc501584915538b03a00c7,Success,Success,Skipped,Skipped (Only New Tests),0,0,1
e7ac7c3c960e38fb06aabdc09efc3e635424732b,Success,Success,Success,Success,0,0,2
63b4d76c3384ded1efe317478ff04c8d2c90c48b,Success,Success,Skipped,Skipped (Only New Tests),0,0,1
ffcf87ce1dbd769b5d12df18b48653a9ede8b5c3,Success,Success,Success,Success,0,0,3
9689ea2dd1eb414f4320f8e99052871c901c6d38,Success,Success,Skipped,Skipped (Only New Tests),0,0,1
6ec7a3439df6c25868b7b773bb6b39191060f4ee,Success,Success,Skipped,Skipped (Only New Tests),0,0,1
3ee06081ce34bfeba441aee7e886fad724188759,Success,Success,Success,Success,0,0,5
945aaa2a8794f58fdb39225e53096178560ba49c,Success,Success,Success,Success,0,0,5
ea90bdb1836acd73d3df155f44ad2f6e61e9f6eb,Success,Success,Success,Success,0,0,3
cc3caa228def0974e5d8299e5321b0a6987f9e6e,Success,Success,Success,Success,0,0,9
2a94927fbc9554a6c30bd6bdc48048099394d786,Success,Success,Success,Success,0,0,8
1bffbfe4156d3899685359ddd83443c95447cf83,Success,Success,Skipped,Skipped (Only New Tests),0,0,6
7463b775fa88298ae249f7dda02672a72ebaeb3c,Success,Success,Success,Success,0,0,3
0473b82c7380093185bf12f23b6280ab0c65680a,Success,Skipped (No Targets),Success,Skipped (No Targets),0,0,0
02a308be09f9f93f9591916405b413d77c247cbc,Success,Success,Skipped,Skipped (Only New Tests),0,0,2
55677728b447a88a5af858843cd93fac64036472,Success,Success,Skipped,Skipped (Only New Tests),0,0,0
b25542fd147164cd0e89a803bbe49f865972abdb,Success,Success,Success,Success,0,0,0
e867dcdb61cafeaa590dccfec0bc595ad3aac495,Success,Success,Success,Success,0,0,2
cd93409c3450fa843ed48cfc6c2042835b9e39b7,Success,Success,Success,Success,0,0,1
c5a3eb86ffd964343865e2f48423f850f8f916ad,Success,Success,Success,Success,0,0,2
551f4c7eefb2390654f357823226410ca957cc00,Success,Success,Success,Success,0,0,4
655e3ce1310196a95b154773106699d36d9fc8cb,Success,Success,Success,Success,0,0,32
eefbd912d2f2d00bc352de665b056904a18748ac,Success,Success,Success,Success,0,0,0
ce367e9498dab0c43d986691906c0a4dcc7ac917,Success,Skipped (No Targets),Success,Skipped (No Targets),0,0,0
deb2d40494cf6d6082fa74e921a9d5abd68ef72f,Success,Success,Success,Success,0,0,0
e0c689bfd79b616caf2434dc7f1b9b5a65d232eb,Success,Fail,Success,Fail,0,0,0
072a798012d557b1d9c71ee9016fc50cee6136d6,Success,Fail,Success,Fail,0,0,0
fa3606552bec308475f78c35ce93ce8eddc43666,Success,Crash/No Report,Fail,Skipped,0,0,0
151ea39aaef2a4d7a8d4a3e10755adcac882d753,Success,Success,Success,Success,0,0,1
ea29afd850cc339b301711bc2f3b893ec0e2dd5d,Success,Success,Success,Success,0,0,0
6ff283aa21cb9da68cfa51f7a2b1cdc4c1b79010,Success,Success,Success,Success,0,0,0
4c01c1962cd7a1dd96deba7f38b429bc5f197416,Success,Success,Success,Success,0,0,0
685f60bd279ea61a7c4fd5cfd85baa6e6e5e9c65,Success,Success,Success,Success,0,0,1
6bac0e4cd4a86b3bf3e0df2812836e51387d4421,Success,Success,Success,Success,0,0,0
73259a2b08114a540256be5046c6a463096e74f3,Success,Success,Success,Success,0,0,1
065f8a1ef023791bb7101fa00b96790fda78363e,Success,Success,Success,Success,0,0,2
223d50f0524d3d3e9a19f18a3b146212ff830042,Success,Success,Success,Success,0,0,1
9ce802fd5f4bc89fb2a433bfe8299a64797310ac,Success,Success,Success,Success,0,0,1
78c53dbbfc7e2a5dccd972ee914bcfca5c45828b,Success,Success,Success,Success,0,0,0
d2778383792d414973065084d5cbcf4da32a2399,Success,Success,Success,Success,0,0,1
6afa74ace41d39e296da1abb82589813801550f0,Success,Skipped (No Targets),Success,Skipped (No Targets),0,0,0
19402e2c684ea5114f93f58477a90d1a2f480544,Success,Success,Success,Success,0,0,1
f3bf8ed1c21537cb1cb125e9df551bfef4514e48,Success,Success,Success,Success,0,0,1
69249e31d157d70829a51423a26b4f38d96406c2,Success,Success,Success,Success,0,0,0
f2d8f7d6d293bfdfdaeeedff3f82fbdfbaca67ff,Success,Success,Success,Success,0,0,2
1514c2a3e7e15bda86c55a7e1bc336a1171e710c,Success,Success,Success,Success,0,0,0
c37688630c69124e5cd575744f4dcf3a1bedf6ec,Success,Success,Success,Success,0,0,0
04ba85c4d223d458514c6e7558a7d3b541681810,Success,Success,Success,Success,0,0,2
8421006641a2d8e617636d0a10bbe63e60648420,Success,Success,Success,Success,0,0,1
cc3c3870ecd91511f600a96612c30a3abbbb0129,Success,Success,Success,Success,0,0,1
41f09bf1fcba928dd5e94f1a0bab9c747d71b312,Success,Success,Success,Success,0,0,1
da7df4cf074fa2d2874342eab4a2535ef6caae43,Success,Success,Success,Success,0,0,1
a803462ab51824828973ce0a72efb4c37a83a064,Success,Success,Success,Success,0,0,0
f2d591802c789cb0dcf6ff3ea7738d9b3d823d2a,Success,Success,Success,Success,0,0,1
a580a21dad6f3db43016dd39c927dfc1d3ee4c6e,Success,Success,Success,Success,0,0,1
fcfde3b489fd7efe27bf212f365cb5502d449439,Success,Skipped (No Targets),Success,Skipped (No Targets),0,0,0
3b1c857199ad1b3aa1c0af674dc146f8fc328fc1,Success,Fail,Success,Fail,0,0,0
73bea3ac38eb0e7ad7f41a66ed7cd5dc497054c0,Success,Success,Success,Success,0,0,1
d4694196455bcef583d051586e6ea63e245e4560,Success,Success,Success,Success,0,0,1
730b538d967f1b51fa22be03bbbaffe28c377446,Success,Success,Success,Success,0,0,3
47139ecedffaeaaf704990bea4b4b8ebb04af38e,Success,Success,Success,Success,0,0,0
30f4ea0f5d907656c616bd9380309e70fd3b3de2,Success,Crash/No Report,Success,Fail,0,0,0
0637578e4464f2d540a47199c0595cdb444e10f8,Success,Skipped (No Targets),Success,Skipped (No Targets),0,0,0
4b4be70b9197aad510413f22cd6ea9be20b0a59e,Success,Success,Success,Success,0,0,2
8e4bb51ae886318556e125e0e8a6f6114e0536ee,Success,Skipped (No Targets),Success,Skipped (No Targets),0,0,0
6938e91b373762f5df2d6cfbe9bab9d55474187c,Success,Success,Success,Success,0,0,2
77f30d9c3490b45096027968440b0d365f269f04,Success,Skipped (No Targets),Success,Skipped (No Targets),0,0,0
65f336dfe0c6c554c1fb03aa84dd6d6582a8dae9,Success,Success,Success,Success,0,0,0
24b11e0a668a786c23a2fbbac1a7f6e1ff7d5b89,Success,Success,Success,Success,0,0,0
377190151c499fc7d4b02db155182eddf926248e,Success,Skipped (No Targets),Success,Skipped (No Targets),0,0,0
bc2bd59f40e54067d02f0f0d299cdcdd1de0f192,Success,Success,Success,Success,0,0,0
521e2679d63893608b7c55319943f776b5f02bab,Success,Success,Success,Success,0,0,0
fa3bf55b9d0a0ce5bc610f7d2441a399f3e894f0,Success,Success,Success,Success,0,0,6
ff0932f74fe09a872c88b1c4d3a089e031c438f9,Success,Success,Success,Success,0,0,6
f65580822f8303a8f97f5537dc3c2a8c6c574906,Success,Skipped (No Targets),Success,Skipped (No Targets),0,0,0
55ac92975e6ec0d714cfaa80d2d4a883bed9b78e,Success,Success,Success,Success,0,0,1
5426cd9bb65e4b5ad2c46f6223a808a716408d6c,Success,Skipped (No Targets),Success,Skipped (No Targets),0,0,0
ac3eae67bcbaece2f3476397abeacb075148e4e2,Success,Skipped (No Targets),Success,Skipped (No Targets),0,0,0
557dae6224c65352b4740a152d1469eb5b42c359,Success,Success,Success,Success,0,0,0
dab89d111bca545b84d922082eee692b872b4eaf,Success,Success,Success,Success,0,0,2
ec8a052125b9928f72e096d58f96e31ec58b868f,Success,Success,Success,Success,0,0,1
ae13c6119e404cda4a3377876b4068e2e745511c,Success,Success,Success,Success,0,0,0
b3631831fa1ce7ea54bdfaffdbb75be19c4c8440,Success,Success,Success,Success,0,0,0
1fce57cb7156732c583c882c48de96a395a0e083,Success,Success,Success,Success,0,0,1
a6fc27ef5b12040b5519351f2321e22f7536de78,Success,Success,Success,Success,0,0,2
ace8cd75df5a51619e6d1da5452cf48e32629932,Success,Fail,Success,Fail,0,0,1
67d2e257b522d2c3cbb62ca8664c2c6b0861d45a,Success,Success,Success,Success,0,0,1
489e2d6692b510d9118a5d366792e40dbfee9620,Success,Success,Success,Success,0,0,4
0196787b2a3ca9e69fec3b19443c6282b21f83b4,Success,Success,Success,Success,0,0,1
900ca08078cc7bff6238894bd9f07097c6ab47a7,Success,Skipped (No Targets),Success,Skipped (No Targets),0,0,0
35c3fa9c81dafb40b429463f441af96ac3518159,Success,Success,Success,Success,0,0,0
928f5719a107ea2fe3272b7509ec4c0fe4647282,Success,Success,Success,Success,0,0,0
0bde70e5703c7a0ce24e2ce594b315cff04589d3,Success,Success,Success,Success,0,0,1
7869fbe5f3fc5649a3e4215b9f7d994c0fb77ce7,Success,Success,Success,Success,0,0,1
eab1b3fe0ae7d321e1bff49018888f63fe2c9e01,Success,Success,Success,Success,0,0,0
1cfb32bbe84734bf488ab019f207eb24028983a1,Success,Crash/No Report,Success,Crash/No Report,0,0,0
a18856ed4bbd13dbde1c92032d375286c15230a2,Success,Success,Success,Success,0,0,0
f8ac21865fea449634f389a5de300f3490b88132,Success,Fail,Fail,Skipped,0,0
43b7dc70ddaeea50e25a90850d19b999cbd21a3e61,Success,Success,Success,Success,0,0,6
f28df38704d99bbcd9440a5eb0a5d11d43d51154,Success,Success,Fail,Skipped,0,0,0
afb72ceb50d3c2f1c2ce1a2f1affae04368d08ed,Success,Success,Success,Success,0,0,0
0103a97e80fc77576201ae5d2b5b405fa30a6e53,Success,Success,Success,Success,0,0,1
565a977baa0a19509b2c16c440e26959b0fb94d7,Success,Success,Success,Success,0,0,2
5b9cb891c8c6af7b32485d95e60cf8704ba2cbbd,Success,Success,Success,Success,0,0,2
2383df6e102a51de83de4256372bc5f975c05084,Success,Success,Success,Success,0,0,1
6af591c2bfbad965646a33f003bbae1f173832b6,Success,Success,Success,Success,0,0,1
f1eac4c685a60459d5d65149b1399a0dceddaf0c,Success,Success,Success,Success,0,0,0
59d058483ca363aa93513620c6779fed8d770350,Success,Success,Success,Success,0,0,4
f410f2ec5ef150e3f0ccaa33956c250b21e4c4a5,Success,Success,Success,Success,0,0,1
a111ee7b210f5ebdb78a22dc94b1f3ca3dd4774b,Success,Success,Success,Success,0,0,1
7a892eeb09e610f9be9326c8904343af8ae0dfd9,Success,Success,Success,Success,0,0,1
9166cd8d37e5ce23c15cd09b0b6d39b251602e0c,Success,Success,Success,Success,0,0,1120
2d10bfb5b61a132c6fee56cba50ead84718159de,Success,Success,Success,Success,0,0,1
36826a4da14a07b5b45e57b72de1f0418d9ea344,Success,Success,Success,Success,0,0,0
ee0bb7340cb29183f49a5f93b106e72f02dbe777,Success,Success,Success,Success,0,0,1
2cdefe09ac6f5d5cd174ca42aa302dbb34e4618f,Success,Success,Success,Success,0,0,5
d6dca2fb2ffed27be4b7b4eef4e18dd5999654d1,Success,Success,Success,Success,0,0,0
9e2d44b1ffffab218d783a4ebc8c9c3ecd4781d2,Success,Success,Success,Success,0,0,0
e2b5dbeff5577e23e1822d5a5e4936b614133379,Success,Fail,Fail,Skipped,0,0,2488
8f45b6bf4e7db15a19a1288a0a2bf64086d71313,Fail,Skipped,Skipped,Skipped (Only New Tests),0,0,0
53ba1f5d0beac275c24964d36f5ffe3f9b14dfde,Fail,Skipped,Skipped,Skipped (Only New Tests),0,0,0
5f279cade3016a97b5616b91740faa9c0126db8f,Fail,Skipped,Skipped,Skipped (Only New Tests),0,0,0
90305d2c9c10040358fa34825e2f2d08757819f1,Success,Success,Success,Success,0,0,4
1e2b6999bba6bf5ef9d6a276cd809d954f74e353,Success,Success,Success,Success,0,0,3
d5539894608dab2c474112e3e10bd4e872f86447,Success,Success,Success,Success,0,0,2
aea8255416e61b7159127c8fa1c6c0cc9985540a,Success,Success,Success,Success,0,0,0
d21c32f06cf49922f9592c85b0f2ea9787d9d172,Success,Success,Success,Success,0,0,1
3c7586e3f096c7905cd568be23a8cf307794829e,Success,Success,Success,Success,0,0,7
88a724a29321fae468db917406757b5dbde4f8d9,Success,Success,Success,Success,0,0,0
01a6493c0eb82d8b4588da4bdf5dbc8747faa4e4,Success,Success,Success,Success,0,0,1
510ca5d1eb28af71bc2d9b5f644c134460aea8e3,Success,Success,Success,Success,0,0,1
af14de5131d955d1410ab27f5f7645a89b9cf496,Success,Success,Success,Success,0,0,2
e750a707d1a67d476ff0a4bc839c455012e4cc7b,Success,Success,Success,Success,0,0,0
ca99157d3399a6342fa9d277b82969952eea25c1,Success,Success,Success,Success,0,0,1
9e79eea7f0da07fbfb82d5b212e2d853fb5af10d,Success,Success,Success,Success,0,0,0
51f1bc0dc299539b03f95b67036ea72c3a255af9,Success,Success,Success,Success,0,0,1
d56e0a904c00a490a231b416589755d271984f2f,Success,Success,Success,Success,0,0,0
36d8307abd5fa5609336e23cd5d353f3873a6f08,Success,Success,Success,Success,0,0,2
171d7c4c8febb8db6d44e3f8f7642e700935efbd,Skipped,Skipped (No Targets),Skipped,Skipped,0,0,0
13b296120d485f3b0d7ad43a899f8008a735c308,Success,Success,Success,Success,0,0,0
430741fb3ab0d96419c452a757733787f24b2493,Success,Success,Success,Success,0,0,1
c47162ca81b7f405317ce788ace36b3017fd4eef,Success,Success,Success,Success,0,0,1
e6ed9566189f52865a99b934b757ece9475c27a6,Success,Success,Success,Success,0,0,2
d62be0f1ce97e3801637b0dea907a5ce774a897d,Success,Success,Success,Success,0,0,0
1474b8b3c997fa59a6eb2eb0cbbe23491cd1f94b,Success,Success,Success,Success,0,0,0
31766b13f3080882848a31508d666c0f2fb3aa84,Success,Success,Success,Success,0,0,0
e4c84cc1d8aa700e2c72e8762e8a07e5505af99f,Success,Success,Success,Success,0,0,0
7ffbb7e27daedfebdd8739b514ca54eef013b3ae,Success,Crash/No Report,Success,Crash/No Report,0,0,0
ad92657e13b388212ca45aae50dd7fd8fe0d18fb,Success,Success,Success,Success,0,0,0
c9a7331e59d6c2364dda51320e33cb90d7cb5c6b,Success,Success,Success,Success,0,0,0
bae836dab0ef5dd388f8381201778f940555dfea,Success,Success,Success,Success,0,0,0
36f886f80df9591658b275c3b2c78fc43fc3fbd0,Success,Success,Success,Success,0,0,1
74cf2c63aadbe2dc0979da9d24aef6d48586183f,Success,Success,Success,Success,0,0,0
4b3ecd335827b57e99da6de91f284d14a76c63df,Success,Success,Success,Success,0,0,1
911728bff122719f89281cc468998ea1a3ca5113,Success,Success,Success,Success,0,0,0
0032af8859751592c0a3055515a2c0debb792a11,Success,Success,Success,Success,0,0,0
4c937cbea39f3a27964e62be82c5aa787226052c,Success,Success,Success,Success,0,0,0
0bcde1d8079e52df7fc641d161d09ea88edf9eef,Success,Success,Success,Success,0,0,0
b1b98fc688e52fc487d7be08273742b8e90cc89a,Success,Success,Success,Success,0,0,0
83153e80b468155d30a654343112ba5f723e1c8d,Success,Success,Success,Success,0,0,1
bdebe392cf82ba31023a048dceab8b610bec6295,Success,Success,Success,Success,0,0,0
93df1ee9850f617405b99caa5d626042c3632c83,Success,Success,Success,Success,0,0,0
35d28739f0c67adcfcfeb95839b57a0925b03f62,Success,Success,Success,Success,0,0,0
8d16529169002454ac56af483cd88f0efa41f6a2,Success,Success,Success,Success,0,0,2
7149c4b99fd4284801251ac05173c1cb1cbc7cdd,Success,Success,Success,Success,0,0,1
4b97e4e6b53d6b5a72ab132ba2aba186406f1af5,Success,Success,Success,Success,0,0,0
c36967c2cd8e213224f85f682edc58aeca4f66bb,Skipped,Skipped (No Targets),Skipped,Skipped,0,0,0
61d0b40dad18f99c5f67d403cbefc35e93a37edf,Success,Success,Success,Success,0,0,0
519057d917f33dd0cd411db4ab3a66b827860bf0,Success,Success,Success,Success,0,0,1
3fbf04eb5679371ece5f1e8da4ebdc3b6d4c9789,Success,Success,Success,Success,0,0,0
bde7828eb7875139f87035a9acf78dd563a19505,Success,Success,Success,Success,0,0,0
7062a48b01663491dfd91ecdb3edfe3dc0985002,Skipped,Skipped (No Targets),Skipped,Skipped,0,0,0
95524222b28c6166e7f0aa627e71f580c0da5565,Success,Success,Success,Success,0,0,1
fc09559da4a38999453b353a882d2ff60c232291,Success,Success,Success,Success,0,0,1
cabc3a16f1a7b072ccfac6c8fc9d81215f0d3caa,Success,Success,Success,Success,0,0,0
f03d347bcb3accc78a8c3bd30d1bc2240aea0d0f,Success,Success,Success,Success,0,0,0
04995892bda2cd27f0e8db76eed24d42b09d2019,Success,Success,Success,Success,0,0,0
acdd6ec418c15f19e7c71398c279de8c433cf49c,Success,Success,Success,Success,0,0,1
4aaa09c50c2e11498ff3f523146a013d202a0789,Success,Crash/No Report,Success,Success,0,0,0
1cd95b53fbbe2d4b6406474bfe7fe5a033c35575,Success,Success,Success,Success,0,0,0
b92e3c7090a2f4ba6b0c47bb220b00ad53f11392,Success,Crash/No Report,Success,Crash/No Report,0,0,0
02e58309eee07373694a709ba30ccee059492df7,Success,Success,Success,Success,0,0,1
e0733f305c83287fdbc3dcf4ff860fa93f0fbb25,Fail,Skipped,Skipped,Skipped (Only New Tests),0,0,0
c012a75c3629286158965524070e5dea86d4b43f,Success,Success,Success,Success,0,0,1
5e6303c25fee3a213e53a355e18adc42ac08b186,Success,Success,Success,Success,0,0,1
cf880b6d35a27382b2196cf74e38d9387343a1e9,Success,Success,Success,Success,0,0,3
432e3437675e0a6fde8dec89bcca007c8f8fd67c,Success,Success,Success,Success,0,0,0
d575db0cdb91fdb2cadacd3b2111fdb748e618f9,Success,Success,Success,Success,0,0,1
e2412213689ade5576feaa2f5e0507d30e674905,Success,Success,Success,Success,0,0,3
6f49773cae9110ac34e559ff5add87dd0fba7117,Success,Success,Success,Success,0,0,0
db8aecf3520148b42a7df621f8603945641f0047,Fail,Skipped,Skipped,Skipped (Only New Tests),0,0,0
9533a47bb4d81091d1bc9d7ca252bdb4e89d3556,Success,Crash/No Report,Success,Crash/No Report,0,0,0
927ed4030671beec8dd156da5fea9ab404f46d20,Success,Success,Success,Success,0,0,0
e32408d9c5594fe49a2e95c62918c0336b27dc43,Success,Success,Success,Success,0,0,0
b755d4076187275931c97445eecb2ee19c1c8fb3,Success,Success,Success,Success,0,0,0
b5bfb4f7308a1af8096793e2d7f08ed9dd3f8ff3,Success,Success,Success,Success,0,0,3
86bcb992467515129613573eb97a9f0e7d547a33,Success,Success,Success,Success,0,0,2
cd2a8845cd6dc918d40f11a027e1525f2686f037,Success,Success,Success,Success,0,0,1
376fa8d2d328c9ffcd854bcb5c9af70e746d2bf9,Success,Success,Success,Success,0,0,1
4506be6669d7c0ef7fa3a713d220ddf98464af55,Success,Success,Success,Success,0,0,1
81bb57b5280ced9598bbf6e4eb026294b021c7cc,Success,Success,Success,Success,0,0,0
7c692930f01e30320478a9c0ce20bd848f49a259,Success,Success,Success,Success,0,0,1
2e0692c6eff4aefd084e180027b85a10739b859b,Success,Success,Success,Success,0,0,0
86a9b7d83596da982950bb30829db223de604a8b,Success,Success,Success,Success,0,0,4
3cd427b4110b00d8d9905a1450a5942c47633942,Success,Success,Success,Success,0,0,5
c210cd477bf380f58d9e55a3673f78715e9459f2,Success,Success,Success,Success,0,0,0
5980fc143003753ca55b8073e4f6f1d4687f4d70,Success,Success,Success,Success,0,0,3
94cae9093cb6e4ef2fca4ec9612475b93ae9f376,Success,Success,Success,Success,0,0,0
2203e4c53829e990ef06546ca5b882f4e71ef40e,Success,Success,Success,Success,0,0,0
b73f5c55dfcf75165c74da6b5ceaad3d1c406a22,Success,Success,Success,Success,0,0,4
be9c3ab3c82fcc3c577d5c35ea3e57f974d8ad1a,Success,Success,Success,Success,0,0,1
98f76c1c3c640d742d99415b6a2772949b1728cc,Success,Success,Success,Success,0,0,1
075a40aecbd42a4915cc17ccd9871e4f62f5920b,Success,Fail,Success,Fail,0,0,1
b769c5eddd3221c98c80a9412768c67f827a0939,Success,Success,Success,Success,0,0,0
b80f6770f58b12d4d9f713664cf2c2ed76706af6,Success,Success,Success,Success,0,0,0
be2fcc7058e76f98a472560ec3223c10becf0679,Success,Success,Success,Success,0,0,1
b74418188547df160fe58346a0d33ca56c10ae29,Success,Success,Success,Success,0,0,0
310f67fa3ea0f884ca21c8295e9c566b5d469135,Success,Success,Success,Success,0,0,5
33b96cdc816cad1f3997b76d404bbd171c6eba35,Success,Success,Success,Success,0,0,0
918e8c48ed287403b8046da700f556ff7acbc4e5,Success,Success,Success,Success,0,0,0
bb2486bfcd230681ed764333607df12001b58346,Success,Success,Success,Success,0,0,2
c77b415a0fab6bd934aba8eb1c07882dbc961301,Success,Success,Success,Success,0,0,0
