commit,validation_status,validation_reason,build_after,test_after,build_before,test_before,error_type,regressions,fixes,new_passes
0c61209e8058a23dc63cefa4ea18f5b31b1379fe,VALID_BACKPORT,,Success,Success,Success,Success,,0,0,1
155308db2db2abcf612cc13c8360d5277753008f,VALID_BACKPORT,,Success,Success,Success,Success,,0,0,2
bb07f79d46cea304c3699fa5e6bb48a9dcc00f7e,VALID_BACKPORT,,Success,Success,Success,Success,,0,0,1
70b7249da82ccb069e1657e635ef54d88088ac79,VALID_BACKPORT,,Success,Success,Success,Success,,0,0,0
bab8c7a71d64495602759664dc4b59e03baee878,VALID_BACKPORT,,Success,Success,Success,Success,,0,0,3
246c2b1eaf963810c75dffb90464265102dafb69,VALID_BACKPORT,,Success,Success,Success,Success,,0,0,0
795ce0280a6ca9c21eec7bb0c284914fe2dfbecd,VALID_BACKPORT,,Success,Success,Success,Success,,0,0,0
498f717fcb41085c2ba0228a0e6c2d3d3c727877,VALID_BACKPORT,,Success,Success,Success,Success,,0,0,3
5e8af564ec1a5eeabc00578267f7101c57144951,VALID_BACKPORT,,Success,Success,Success,Success,,0,0,3
21696cd3dffc3b85b5fa3e9ac4464fa24d78de4f,VALID_BACKPORT,,Success,Success,Success,Success,,0,0,0
53cd1a225628530defa407590223efdab0fca060,VALID_BACKPORT,,Success,Success,Success,Success,,0,0,1
14fd8eff28d55fae4a791b256602d83a5fb9d848,VALID_BACKPORT,,Success,Success,Success,Success,,0,0,0
6fc3fd046213dbd145216d8159487bf164e7726d,VALID_BACKPORT,,Success,Success,Success,Success,,0,0,1
a5c2b1aa51608b1fff016a313d8ee65f92e8d23d,VALID_BACKPORT,,Success,Success,Success,Success,,0,0,2
653d076c605a9066cf6ae484921058580df2437d,VALID_BACKPORT,,Success,Success,Success,Success,,0,0,1
a5eaa66ccc2add0c9b78096ca3196ec1c7904c1f,VALID_BACKPORT,,Success,Success,Success,Success,,0,0,1
15c7573988fab5c9893c1d86f0d23f1cd4b683f8,VALID_BACKPORT,,Success,Success,Success,Success,,0,0,1
b04c673fdfec6191afdca06fa254b9e4da0150f6,VALID_BACKPORT,,Success,Success,Success,Success,,0,0,0
f6ba7c52911349bca0d4236ba833ca03ff6351ca,VALID_BACKPORT,,Success,Success,Success,Success,,0,0,0
1df2a330568b2131fd2fda77cf85c948dba19ae0,VALID_BACKPORT,,Success,Success,Success,Success,,0,0,2
8bf12c67de8a0dd22aa5642f33b294934ca23bdd,VALID_BACKPORT,,Success,Success,Success,Success,,0,0,2
7776d3712085d6cd8abd2780e5602c8b00801358,VALID_BACKPORT,,Success,Success,Success,Success,,0,0,0
a2e53f6238e509c3468b45505f28223ed0034fad,VALID_BACKPORT,,Success,Success,Success,Success,,0,0,0
c010742cb32ec37ffef3de1252e4835e71d3c0bc,VALID_BACKPORT,,Success,Success,Success,Success,,0,0,0
bfb55b5553a29e84d1f2ecd20699bc4e57ac3520,VALID_BACKPORT,,Success,Success,Success,Success,,0,0,0
80ea4e9e6981daadb1e175a2a60ce78fd5fab1ed,VALID_BACKPORT,,Success,Success,Success,Success,,0,0,0
e7722655302df4fc2a7effbb4de839c7b99e2bb5,VALID_BACKPORT,,Success,Success,Success,Success,,0,0,0
2fd84478a6e45bfb07215dac1f1a49733d24b2e8,VALID_BACKPORT,,Success,Success,Success,Success,,0,0,1
868178651f6ae0dcef5bc0048c1e94ed1a8c13cc,VALID_BACKPORT,,Success,Success,Success,Success,,0,0,3
e47748a2250c231a9574fed2a50e94253f87ae79,VALID_BACKPORT,,Success,Success,Success,Success,,0,0,3
e7638915ae68e3bc10c69b938f87e54a9efbcbdc,VALID_BACKPORT,,Success,Success,Success,Success,,0,0,3
a6e1c1f09c6c7ff8e54405d6782bb1ff553ffb29,VALID_BACKPORT,,Success,Success,Success,Success,,0,0,1
390bc330bc1ce48b801ed9ba005f6cc04f6e5e80,VALID_BACKPORT,,Success,Success,Success,Success,,0,0,4
44120549363c316419c21ed18fe6435b4e276720,VALID_BACKPORT,,Success,Success,Success,Success,,0,0,0
bccbb8bfe4c3817288cbdb285c2ddf501dfb6c07,VALID_BACKPORT,,Success,Success,Success,Success,,0,0,0
112dccbb6a43cd92fcc4c3f1de9396e95e1e0880,VALID_BACKPORT,,Success,Success,Success,Success,,0,0,0
aba8a0c30620d534ed52c76fc672f567375a5310,VALID_BACKPORT,,Success,Success,Success,Success,,0,0,0
7fe25f7355b947fdcc6cf7f2e8d55b97a2041fc1,VALID_BACKPORT,,Fail,Skipped,Skipped,Skipped (Build Failed),,0,0,0
7dada7d5a9d6efd9eafc25ef992689cbe94a4377,VALID_BACKPORT,,Success,Success,Success,Success,,0,0,2
14db9e19dd55669fcabc3ebdef114e34afa543bc,VALID_BACKPORT,,Success,Success,Success,Success,,0,0,0
32877ea94f9c9b04b6fecc60c8ea850ce971a1fc,VALID_BACKPORT,,Success,Success,Success,Success,,0,0,1
0de7bfefb9f5627851d116da09126d119d8a94a2,VALID_BACKPORT,,Success,Success,Success,Success,,0,0,0
135f433bcd212fc251eb70b3ec41cd28515dc65e,VALID_BACKPORT,,Success,Success,Success,Success,,0,0,0
ef09d94fe8d51aca13f3490f599ebbfabf3299ab,VALID_BACKPORT,,Success,Success,Success,Success,,0,0,1
d0e456046245c7f47864b09571decbb870dcbc1c,VALID_BACKPORT,,Success,Success,Success,Success,,0,0,10
c58eb96276336ac5559090518d156ad1a8bd8196,VALID_BACKPORT,,Success,Success,Success,Success,,0,0,11
f261200f7b83a9ec146eb3787971291fa2c01fb6,VALID_BACKPORT,,Success,Success,Success,Success,,0,0,11
19c9b998b1efd8bee3fb40335e1a5f7360859cfb,VALID_BACKPORT,,Success,Success,Success,Success,,0,0,1
71eca4eb3cf3e7e5bcc08160d356f0eae34f0e75,VALID_BACKPORT,,Success,Success,Success,Success,,0,0,0
2897b39390460bae02d2c7a58b2b56f0c5d23944,VALID_BACKPORT,,Success,Success,Success,Success,,0,0,0
8133318376ae222ca162da91316b36beea1b5277,VALID_BACKPORT,,Success,Success,Success,Success,,0,0,0
8808d63338a9374b225113c73ff62e84e203ab48,VALID_BACKPORT,,Success,Success,Success,Success,,0,0,0
f16b6f2080c3f17b672e3dbf8af2597796d90249,VALID_BACKPORT,,Success,Success,Success,Success,,0,0,0
1e731be49a8e9e7438bd7d2341966a67e7fb2eeb,VALID_BACKPORT,,Success,Success,Success,Success,,0,0,4
d6f1a9d5696acbe21a739303467a64293a9479f2,VALID_BACKPORT,,Success,Success,Success,Success,,0,0,12
f737cbc143d7e6619471f845d1b5001ef33bc3b7,VALID_BACKPORT,,Success,Success,Success,Success,,0,0,0
18cf46e45678b2773f057d867bd586db2488cd39,VALID_BACKPORT,,Success,Success,Success,Success,,0,0,3
b6f7b693e701243de3401250d7ed2e1d51926a1d,VALID_BACKPORT,,Success,Success,Success,Success,,0,0,5
3158f91e7538424df0c1c2961fed507e4bf864f6,VALID_BACKPORT,,Success,Success,Success,Success,,0,0,1
1994125c78be3099f41da0e89b9c402de7041b72,VALID_BACKPORT,,Success,Success,Success,Success,,0,0,0
8f81bd2886d67da3928811dec6dd2c3bf008e665,VALID_BACKPORT,,Success,Success,Success,Success,,0,0,0
a639175c0468877d198d7face0a2916b33cf5fa5,VALID_BACKPORT,,Success,Success,Success,Success,,0,0,2
cc278e61634608f9146ef2e72fca3577db370ef4,VALID_BACKPORT,,Success,Success,Success,Success,,0,0,0
2249103d0e2b7cdfec213688d1846009a0933815,VALID_BACKPORT,,Success,Success,Success,Success,,0,0,1
87a3b156e29a7d33c2acbab5c23341304cbb04e2,VALID_BACKPORT,,Success,Success,Success,Success,,0,0,0
